NC_011916.1,"Caulobacter crescentus NA1000, complete genome",4042929,True,0.6717164709051284,14560,3614300,nan,nan,nan,nan,nan,nan,nan,nan,0.8181818181818182,0.18181818181818182,nan,nan,nan,nan,nan,nan,nan,nan
