NC_010547.1,"Crocosphaera subtropica ATCC 51142 chromosome linear, complete sequence",429701,True,0.3856867915131685,235899,27971,357335,nan,nan,nan,nan,nan,nan,nan,0.3333333333333333,0.3333333333333333,0.3333333333333333,nan,nan,nan,nan,nan,nan,nan
